{"cameraMode":{"drawMode":0,"name":"Shaded","section":"Shading Mode"},"sceneLighting":true,"audioPlay":false,"sceneViewState":{"showFog":true,"showMaterialUpdate":false,"showSkybox":true,"showFlares":true,"showImageEffects":true,"showParticleSystems":true},"in2DMode":false,"pivot":{"x":-9.141556739807129,"y":0.8128434419631958,"z":0.9782344698905945},"rotation":{"x":-0.0761289969086647,"y":0.6848582029342651,"z":-0.0724935531616211,"w":-0.7211554646492004},"size":23.334531784057618,"orthographic":false}