{"cameraMode":{"drawMode":0,"name":"Shaded","section":"Shading Mode"},"sceneLighting":true,"audioPlay":false,"sceneViewState":{"showFog":true,"showMaterialUpdate":false,"showSkybox":true,"showFlares":true,"showImageEffects":true,"showParticleSystems":true},"in2DMode":false,"pivot":{"x":-2.2891175746917726,"y":0.15485994517803193,"z":-3.4712982177734377},"rotation":{"x":-0.013510486111044884,"y":0.4702182412147522,"z":-0.007199202198535204,"w":-0.8824259042739868},"size":10.0,"orthographic":false}