{"cameraMode":{"drawMode":0,"name":"Shaded","section":"Shading Mode"},"sceneLighting":true,"audioPlay":false,"sceneViewState":{"showFog":true,"showMaterialUpdate":false,"showSkybox":true,"showFlares":true,"showImageEffects":true,"showParticleSystems":true},"in2DMode":false,"pivot":{"x":-9.823983192443848,"y":1.9286870956420899,"z":-6.845128059387207},"rotation":{"x":0.09658384323120117,"y":-0.7383572459220886,"z":0.10856159776449204,"w":0.6586980223655701},"size":23.334531784057618,"orthographic":false}